joint,group,native_minus_saved_rms_rad,native_minus_saved_maxabs_rad,native_minus_saved_mean_bias_rad,native_minus_saved_rms_deg,native_minus_saved_maxabs_deg,native_minus_saved_mean_bias_deg,raw_to_reference_rms_rad,raw_to_reference_maxabs_rad,raw_to_reference_mean_bias_rad,raw_to_reference_rms_deg,raw_to_reference_maxabs_deg,raw_to_reference_mean_bias_deg,reference_to_command_rms_rad,reference_to_command_maxabs_rad,reference_to_command_mean_bias_rad,reference_to_command_rms_deg,reference_to_command_maxabs_deg,reference_to_command_mean_bias_deg,raw_to_command_rms_rad,raw_to_command_maxabs_rad,raw_to_command_mean_bias_rad,raw_to_command_rms_deg,raw_to_command_maxabs_deg,raw_to_command_mean_bias_deg,reference_to_measured_rms_rad,reference_to_measured_maxabs_rad,reference_to_measured_mean_bias_rad,reference_to_measured_rms_deg,reference_to_measured_maxabs_deg,reference_to_measured_mean_bias_deg,raw_to_measured_rms_rad,raw_to_measured_maxabs_rad,raw_to_measured_mean_bias_rad,raw_to_measured_rms_deg,raw_to_measured_maxabs_deg,raw_to_measured_mean_bias_deg
left_shoulder_pitch_joint,left_arm,0.0,0.0,0.0,0.0,0.0,0.0,0.0052996510726615815,0.09414624720811837,0.00047315422697192714,0.3036476393554882,5.394182622020493,0.027109740264266446,0.37860984756187466,0.5806965939700603,-0.37529314501819216,21.69274634738688,33.27146401210647,-21.502713289733567,0.37811519598167587,0.5806965947151185,-0.37481999079122025,21.66440489951201,33.27146405479515,-21.4756035494693,0.0782471270361464,0.15187462123775503,-0.05694657325039035,4.483230138195188,8.701774812071301,-3.262798304979957,0.07801996687454107,0.15187462123775505,-0.05647341902341842,4.470214819661692,8.701774812071303,-3.2356885647156903
left_shoulder_roll_joint,left_arm,0.0,0.0,0.0,0.0,0.0,0.0,0.019414675357563773,0.24713809937238684,-0.0022736743586318966,1.1123789586050465,14.159970050922505,-0.13027194473672202,0.23193996009405096,0.3565903417766094,0.22494890178508958,13.289180813821856,20.43112159892728,12.888622678388503,0.22969435418034576,0.33448776602745056,0.22267522742645765,13.16051707251693,19.164737292132276,12.75835073365178,0.174118443600172,0.2898571953869611,0.15390534075234602,9.976251953676515,16.607593957171744,8.81812646963222,0.17298980105082615,0.2898571924067288,0.15163166639371412,9.911585499020111,16.607593786417013,8.6878545248955
left_shoulder_yaw_joint,left_arm,0.0,0.0,0.0,0.0,0.0,0.0,0.003323087461175438,0.05033572614192944,7.446025984486336e-06,0.1903988864781964,2.884024666658883,0.0004266258630558108,0.1705274300372901,0.36584431678056717,-0.10453752353664393,9.770502032349144,20.96133531037362,-5.989558899399205,0.1707074807570286,0.36584431752562524,-0.10453007751065946,9.780818178688454,20.961335353062303,-5.98913227353615,0.2070483005370646,0.3746967604710614,-0.17428868068848252,11.862993776130057,21.468542972216152,-9.986005820353304,0.20723155961504935,0.3746967589809453,-0.1742812346624981,11.873493747856044,21.46854288683879,-9.985579194490251
left_elbow_joint,left_arm,0.0,0.0,0.0,0.0,0.0,0.0,0.005878221477206789,0.09257861971855152,-5.876138451884143e-05,0.33679728168710527,5.304364183019624,-0.0033667793312749878,0.2218199181904159,0.3307251799851656,-0.21826113518333878,12.70934512424803,18.949156991854515,-12.505441877739633,0.22191195015863616,0.34594519026577486,-0.2183198965678576,12.71461816760733,19.82119934507915,-12.508808657070908,0.04212008168895454,0.1454994826757543,-0.00019275311772637256,2.4133029135233555,8.33650627865756,-0.011043940133709441,0.043364893701175654,0.1798723461181404,-0.00025151450224521497,2.4846253881108127,10.305926283685801,-0.014410719464984486
left_wrist_roll_joint,left_arm,0.0,0.0,0.0,0.0,0.0,0.0,0.01082332540391796,0.16994450688362117,-0.0009882651795628365,0.6201308659412261,9.73710299586346,-0.05662342382868899,0.13894061363368185,0.2551230862736702,-0.1245268977522667,7.9607107641677946,14.617476099833286,-7.13486567706202,0.1398846455811957,0.25512309819459916,-0.12551516293182952,8.014799810485854,14.617476782852204,-7.191489100890707,0.14925281092095985,0.2632898701177019,-0.13447999410316105,8.55155614623508,15.08539834629193,-7.705136091055326,0.15075453826525495,0.3361813882837751,-0.1354682592827239,8.637598785042579,19.261774699509093,-7.761759514884017
left_wrist_pitch_joint,left_arm,0.0,0.0,0.0,0.0,0.0,0.0,0.00192391954975739,0.044786155223846436,-0.00010917449861901758,0.11023247032380804,2.5660576749441852,-0.006255238001326542,0.06944782666675461,0.12959763407707214,-0.025042098378734005,3.979067364361131,7.425397467497049,-1.43480654725286,0.06937177701618943,0.12959764003753665,-0.025151272877353026,3.9747100403503017,7.42539780900651,-1.4410617852541865,0.053866393959309956,0.12706427727388048,0.025089945678042815,3.086317031457453,7.280246814673413,1.437547995564354,0.05370959115441079,0.1270642742936483,0.024980771179423805,3.0773328925209174,7.280246643918687,1.4312927575630277
left_wrist_yaw_joint,left_arm,0.0,0.0,0.0,0.0,0.0,0.0,0.0018658368412101554,0.04024546742439261,0.000126998401042017,0.10690457626136306,2.3058954279489363,0.00727647238461741,0.1570124682602344,0.2677067220211029,0.14230752604400612,8.996151762243226,15.338465319091132,8.153620635269595,0.1571143528669236,0.26770673394203187,0.14243452444504812,9.001989320203869,15.33846600211005,8.160897107654211,0.1454120602054654,0.25313452026547045,0.1234418257346077,8.331497340075398,14.503539660280264,7.072695629982414,0.14552875895855294,0.2531345202654705,0.1235688241356497,8.338183686101752,14.503539660280268,7.07997210236703
right_shoulder_pitch_joint,right_arm,0.0,0.0,0.0,0.0,0.0,0.0,0.08396806036379617,0.6159904778003693,-0.0010154332816905776,4.811015472745252,35.29365459820819,-0.058180041417988944,0.35110191473654884,0.5360516905784607,-0.34736749886734336,20.11665789336633,30.713499470998514,-19.90269162511418,0.3616408452837259,0.9566126644611359,-0.34838293214903393,20.720494134301077,54.80986830238744,-19.960871666532167,0.12036396811902365,0.26815465171847586,0.07419035800342358,6.896347378667249,15.364129800269174,4.2507943941608,0.15600241798450035,0.5539089998206694,0.073174924721733,8.93828014434764,31.736647924037033,4.192614352742811
right_shoulder_roll_joint,right_arm,0.0,0.0,0.0,0.0,0.0,0.0,0.0060165241289119094,0.08559044003486632,1.1304649262245122e-05,0.34472143992527643,4.903970980665395,0.0006477086916023252,0.23972233918592623,0.4423375725746155,-0.21749784534333794,13.735078290357164,25.344076028587217,-12.461708591362369,0.2398160648569405,0.4423375725746156,-0.21748654069407572,13.740448375738312,25.344076028587224,-12.461060882670768,0.11361579013822035,0.22876901960328044,-0.07251756427744703,6.509705260964106,13.107499306613564,-4.15495037366638,0.11422037051115214,0.228769013642816,-0.07250625962818477,6.544345164709543,13.107498965104107,-4.154302664974777
right_shoulder_yaw_joint,right_arm,0.0,0.0,0.0,0.0,0.0,0.0,0.02511894893467108,0.24928517937660216,0.004192569350893223,1.4392097597612883,14.282988673440974,0.24021652912208477,0.17825837284937143,0.38386957347393036,-0.0998610413413355,10.213452427138407,21.99410644354327,-5.721616206639958,0.17493050244675515,0.38386957347393036,-0.09566847199044227,10.022779498301992,21.99410644354327,-5.481399677517873,0.13635890806198706,0.26715463856785227,0.013016483840049987,7.812789930964274,15.306833267280862,0.7457895881351031,0.13785036784761445,0.28924222727726573,0.01720905319094322,7.89824428199421,16.572358879951064,0.9860061172571886
right_elbow_joint,right_arm,0.0,0.0,0.0,0.0,0.0,0.0,0.04331276158486909,0.41397650241851813,0.003311081476196904,2.4816384378693614,23.719106406168407,0.18971099421002893,0.41213647963498246,0.683188259601593,-0.38678781352500513,23.6136808664639,39.143803888059324,-22.161309282075894,0.410436848252896,0.683188259601593,-0.3834767320488082,23.516299161542356,39.143803888059324,-21.971598287865866,0.26276591327853344,0.5274117575504801,-0.2047649250821559,15.055377830760563,30.218467773219537,-11.732165999520024,0.2637528695364299,0.5274117575504801,-0.201453843605959,15.111926258902056,30.218467773219537,-11.542455005309996
right_wrist_roll_joint,right_arm,0.0,0.0,0.0,0.0,0.0,0.0,0.02005601410324268,0.1895696043968199,-0.0038127374685652526,1.149124961970662,10.861538255902435,-0.21845376534018235,0.1081143752069848,0.2732277810573578,0.04047832394756583,6.194497404054055,15.654798700311103,2.319237123958852,0.10574115467531302,0.2246067643165588,0.036665586479000575,6.058521883735469,12.869019645428398,2.1007833586186693,0.08840568996210373,0.16855161609287456,0.03102148396972466,5.06527291977061,9.657296232231039,1.7774001056979618,0.09001105031519858,0.24949214402840048,0.027208746501159405,5.157253292600577,14.294846874497413,1.5589463403577792
right_wrist_pitch_joint,right_arm,0.0,0.0,0.0,0.0,0.0,0.0,0.02430884987965818,0.2598527044057845,0.0040582371506945525,1.3927945029215127,14.888463257511985,0.23251986099799452,0.14295553406344044,0.31737492978572845,0.08911158964405193,8.190748759873813,18.18424399998308,5.10571799230587,0.14300349440117016,0.3173749536275864,0.09316982679474649,8.193496684809748,18.184245366020917,5.338237853303864,0.14564968183685126,0.3141964156512489,0.10112374679284528,8.345112056674822,18.002128554954723,5.793963899779628,0.1471138393084546,0.3141964156512489,0.10518198394353986,8.429002100340238,18.002128554954723,6.026483760777626
right_wrist_yaw_joint,right_arm,0.0,0.0,0.0,0.0,0.0,0.0,0.020827219450875713,0.2566532373428345,-0.0034120219477377623,1.1933117735279544,14.705147298113832,-0.19549445721138053,0.06012481452593534,0.1747136116027832,-0.021452066419386562,3.444898116342961,10.010352568327368,-1.22911286766517,0.06195756263923953,0.18008037209510805,-0.024864088367124327,3.549906848145855,10.317845294195134,-1.4246073248765505,0.0665515394178101,0.15151610534116233,0.014320197962841202,3.8131223287390545,8.681233364308191,0.8204869050626402,0.06895325969602482,0.1882103400189908,0.01090817601510344,3.950730764251744,10.783658143810351,0.6249924478512596
left_hand_thumb_0_joint,left_hand,0.0,0.0,0.0,0.0,0.0,0.0,0.0002203218045103542,0.006886598467826022,-7.048755609633562e-06,0.01262350953314968,0.3945730274076903,-0.00040386394725116674,0.0010695157855880283,0.022014468908309937,-4.359367498965932e-06,0.0612787406368127,1.2613361566681323,-0.0002497733590372492,0.0010919729135429118,0.022014468908309937,-1.1408123108599495e-05,0.06256543928861277,1.2613361566681323,-0.000653637306288416,0.05268770118825091,0.11742410711220555,0.015429977696384142,3.0187829103331896,6.727905750621491,0.8840725999838037,0.05269761236903654,0.11742410115174137,0.01542292894077451,3.0193507791621976,6.72790540911205,0.8836687360365526
left_hand_thumb_1_joint,left_hand,0.0,0.0,0.0,0.0,0.0,0.0,1.4825011879037929e-08,2.3841858043383013e-08,-5.002641632004719e-10,8.494106119001834e-07,1.3660378416358815e-06,-2.866302519303087e-08,9.874354983389602e-05,0.001383066177368164,-2.8074580790930664e-06,0.005657588659621963,0.07924385475048794,-0.00016085549909193797,9.874362040097235e-05,0.001383066177368164,-2.8079583432562667e-06,0.005657592702817609,0.07924385475048794,-0.00016088416211713097,0.03741545790690226,0.12720989854746623,-0.0314932130659449,2.1437478266148844,7.288590299057196,-1.8044281919849023,0.03741545836693701,0.12720989854746623,-0.03149321356620907,2.143747852972934,7.288590299057196,-1.804428220647928
left_hand_thumb_2_joint,left_hand,0.0,0.0,0.0,0.0,0.0,0.0,0.010800167812419072,0.20452356487512585,0.0009278939589879459,0.6188040336846519,11.7183370783148,0.053164407685694394,0.0006894723433170814,0.01508060097694397,-3.9056906268808954e-05,0.039503855363063695,0.8640547884997556,-0.0022377958900408005,0.010834079912560447,0.20452356487512585,0.000888837052719137,0.6207470538971775,11.7183370783148,0.0509266117956536,0.047310065003609555,0.2549037473264243,-0.007874222170811719,2.7106670531964054,14.604908903873254,-0.4511596973358527,0.05098172553674963,0.3109605745372562,-0.006946328211823773,2.921037705550085,17.816728515948032,-0.3979952896501583
left_hand_middle_0_joint,left_hand,0.0,0.0,0.0,0.0,0.0,0.0,0.023441338345610775,0.35642532706260666,0.0023659719689963638,1.343089753341677,20.421666952257365,0.1355602082697489,0.004444729775783854,0.0707055926322937,0.00026418911550525755,0.2546642572285436,4.051132045801718,0.015136921311745476,0.024621255476396136,0.35642532706260666,0.002630161084501621,1.4106940251108637,20.421666952257365,0.15069712958149437,0.05972783679148358,0.3037676840778649,0.017665490845849428,3.4221529675982096,17.404606250124996,1.012158068494163,0.07067013235884213,0.47586750948911805,0.0200314628148458,4.049100321792563,27.265199901128117,1.1477182767639122
left_hand_middle_1_joint,left_hand,0.0,0.0,0.0,0.0,0.0,0.0,0.004530870616062487,0.1037212610244751,-0.0002680340955298885,0.2595997638202197,5.942790502477185,-0.015357222439468937,0.0008563065321949891,0.015877485275268555,-2.3780606054112758e-05,0.04906275026425622,0.9097128955539983,-0.0013625283611639152,0.004611079359172684,0.1037212610244751,-0.0002918147015840013,0.26419538628048306,5.942790502477185,-0.016719750800632854,0.044375875443508045,0.21302730274198423,-0.0037387218283345975,2.542550375111241,12.205565368171365,-0.21421298153700713,0.0454567551633127,0.24539541616797345,-0.004006755923864486,2.604480221217331,14.060121658281284,-0.22957020397647604
left_hand_index_0_joint,left_hand,0.0,0.0,0.0,0.0,0.0,0.0,0.04364338849338884,0.5528595268726347,0.005108176993860066,2.500581964321001,31.676517553401492,0.292676982754006,0.008126294960723661,0.08971589803695679,0.0008981520864834195,0.46560240432789485,5.140342312743651,0.05146032391636885,0.04727362874126978,0.5528595268726347,0.006006329080343486,2.7085794091431046,31.676517553401492,0.3441373066703749,0.06572014815429235,0.323435466831284,0.030530368560154456,3.7654871182154386,18.5314871942761,1.7492612654757504,0.09275039785588315,0.69952019089905,0.03563854555401452,5.314206345301344,40.079554622701224,2.0419382482297563
left_hand_index_1_joint,left_hand,0.0,0.0,0.0,0.0,0.0,0.0,0.03463871606439901,0.4577191352844237,-0.00766929193117923,1.9846522382420682,26.22537465417504,-0.4394180595103065,0.008684467490825682,0.10791155695915222,-0.001004193244099678,0.49758333454287956,6.18287677444501,-0.057536034702462005,0.03816954766711985,0.4577191352844237,-0.00867348517527891,2.186953987249385,26.22537465417504,-0.4969540942127686,0.06434175346535037,0.34102819137541496,-0.035654686889681805,3.6865109200358153,19.539476060791017,-2.0428630786391957,0.08581046216314168,0.6194230713645597,-0.043323978820861045,4.916577320015059,35.490327722220066,-2.482281138149503
right_hand_thumb_0_joint,right_hand,0.0,0.0,0.0,0.0,0.0,0.0,0.00718145626207885,0.14520779252052307,0.0003891191987688821,0.41146713457491413,8.319793663837295,0.022294887816969124,0.0020896347420166265,0.03999999165534973,5.5731563021485125e-05,0.11972725144146129,2.291830702410051,0.0031931833467984637,0.008036582364545538,0.14559867978096008,0.0004448507617903672,0.46046225119772694,8.342189854125767,0.025488071163767587,0.06541925600270956,0.19077166340211782,-0.03076795194394682,3.7482472678411343,10.9304111636317,-1.7628737906494898,0.06618986839936686,0.20195814733707151,-0.030378832745177938,3.7924001058100587,11.571349480695444,-1.7405789028325205
right_hand_thumb_1_joint,right_hand,0.0,0.0,0.0,0.0,0.0,0.0,0.0002159741191929558,0.0067507028579718575,-6.90981943995381e-06,0.012374405513811755,0.38678678250869025,-0.00039590349110680347,0.00023490891910566943,0.003093540668487549,2.805072673145556e-05,0.013459289634734927,0.1772468240564159,0.001607188253987202,0.00031910342893276945,0.0067507028579718575,2.114090729150175e-05,0.018283279706000494,0.38678678250869025,0.0012112847628803986,0.09445644929433396,0.18549101077543795,0.08456259527656489,5.411955892356799,10.62785205504827,4.845079814020078,0.09445406605037578,0.18549101077543795,0.08455568545712494,5.411819342536445,10.62785205504827,4.844683910528972
right_hand_thumb_2_joint,right_hand,0.0,0.0,0.0,0.0,0.0,0.0,0.005842500294867987,0.1274664357304573,-0.00037171080319579425,0.33475060869987466,7.30328879693076,-0.021297460222536962,0.0025585187817997353,0.03999999910593033,-5.415691770117505e-05,0.1465923280020776,2.2918311292968743,-0.0031029628157146706,0.006960829378238671,0.1274664357304573,-0.0004258677208969693,0.3988261452837488,7.30328879693076,-0.024400423038251635,0.06533514349316777,0.15780013051330594,0.03345861256327343,3.743427976040136,9.04128148502599,1.9170372882389604,0.06569502396843552,0.15780011859237703,0.033086901760077635,3.76404760840214,9.041280802007076,1.8957398280164235
right_hand_index_0_joint,right_hand,0.0,0.0,0.0,0.0,0.0,0.0,0.026352748474370146,0.3616040468215942,-0.0006505228861205317,1.5099012661512285,20.718385737728358,-0.037272215851375946,0.07026282643876434,0.22557705640792847,-0.028644506189449782,4.025763411601413,12.924613287158804,-1.6412093108918366,0.07525646314971152,0.3616040468215942,-0.029295029075570314,4.311877719560276,20.718385737728358,-1.6784815267432125,0.19852916310092097,0.4751737888256166,-0.10636334639921913,11.374883155947128,27.22545263494847,-6.0941708435632576,0.2026147129682651,0.5024295571995852,-0.10701386928533967,11.608967920336179,28.787093130163015,-6.131443059414634
right_hand_index_1_joint,right_hand,0.0,0.0,0.0,0.0,0.0,0.0,0.11125156735565388,0.9900096893310546,0.013753713091178617,6.374245273694371,56.72337687572723,0.788029712758364,0.031582397531924745,0.17340181395411491,-0.000352098624161926,1.8095380854836756,9.93519209948349,-0.02017376513684135,0.12395418549061356,0.9922980427742005,0.013401614467016692,7.1020516815939025,56.854489870053726,0.7678559476215226,0.15112374742576437,0.42057053096626795,-0.02949631472649623,8.658752911697338,24.09691641194325,-1.6900143450178111,0.22041099963992383,0.9905698166722788,-0.015742601635317596,12.628620037627144,56.75546980836926,-0.9019846322594461
right_hand_middle_0_joint,right_hand,0.0,0.0,0.0,0.0,0.0,0.0,0.020734588779773903,0.32063630819320665,-0.0012227712292510052,1.1880044270203562,18.371107218126678,-0.07005963074610623,0.0031602601522662957,0.04189801216125488,-0.00014342597953616778,0.18106956888822964,2.4005792668277017,-0.008217703299952127,0.021207542122294643,0.32063630819320665,-0.001366197208787173,1.2151026574533998,18.371107218126678,-0.07827733404605837,0.06841117566299937,0.2750197751829313,0.005197889218244417,3.9196716370179554,15.7574724006187,0.29781711458196,0.07622892325259578,0.45605554796031,0.003975117988993412,4.367595579200402,26.130058121651864,0.22775748383585373
right_hand_middle_1_joint,right_hand,0.0,0.0,0.0,0.0,0.0,0.0,0.07936345785084258,0.7484427750110626,0.010736391709561123,4.547191182417678,42.882612215193326,0.6151499321570991,0.027838844172021912,0.2109868824481964,0.005362324316546458,1.5950482775792243,12.088657896904481,0.30723855171848574,0.09499631134641436,0.7484427750110626,0.01609871602610758,5.442887709460277,42.882612215193326,0.9223884838755848,0.10985557308248045,0.44376336379315684,0.013910870136809637,6.294260693617101,25.425767847876454,0.7970341481937663,0.1633522855494077,0.7557249178168806,0.024647261846370772,9.359396535796927,43.299848263778244,1.412184080350866
